[
    {
        "id": "1763967888365",
        "created_at": "2025-11-24T07:04:48+00:00",
        "customer": {
            "name": "bi",
            "phone": "0375785453",
            "address": "phước an,nhơn trạch,đồng nai"
        },
        "items": [
            {
                "id": 4,
                "name": "Cá Vàng",
                "price": 50000,
                "qty": 1,
                "subtotal": 50000
            }
        ],
        "total": 50000,
        "status": "pending"
    }
]